feature_1,feature_2,label
1.14786796109,0.937781798157,[ 1.14786796  0.9377818   1.        ]
0.173189389486,-0.264482918019,[ 0.17318939 -0.26448292  0.        ]
0.680447041751,0.0481465573313,[ 0.68044704  0.04814656  1.        ]
-1.0880360793,1.02880735467,[-1.08803608  1.02880735  1.        ]
1.19337938415,-1.15500665296,[ 1.19337938 -1.15500665  0.        ]
0.438466851271,1.12356499834,[ 0.43846685  1.123565    1.        ]
-1.29135488799,-1.40040060076,[-1.29135489 -1.4004006   0.        ]
0.94042084738,0.434994113338,[ 0.94042085  0.43499411  1.        ]
1.44209890572,0.192435658336,[ 1.44209891  0.19243566  1.        ]
-0.0108876490893,1.67018516624,[-0.01088765  1.67018517  1.        ]
-0.395616184739,-0.354374729916,[-0.39561618 -0.35437473  0.        ]
-0.547936420229,1.41370761618,[-0.54793642  1.41370762  1.        ]
-0.926217295993,1.39135870334,[-0.9262173  1.3913587  1.       ]
0.976175719585,0.800510002099,[ 0.97617572  0.80051     1.        ]
-1.80106046358,0.662674487508,[-1.80106046  0.66267449  1.        ]
-1.69714377371,0.300651701253,[-1.69714377  0.3006517   1.        ]
1.45428958014,1.96174090723,[ 1.45428958  1.96174091  1.        ]
-1.30435677124,0.154943340328,[-1.30435677  0.15494334  1.        ]
0.600359602014,0.72910051536,[ 0.6003596   0.72910052  1.        ]
1.23061548653,-1.44478442663,[ 1.23061549 -1.44478443  0.        ]
-1.82505173497,-1.28942934546,[-1.82505173 -1.28942935  0.        ]
0.956526789415,0.960999615187,[ 0.95652679  0.96099962  1.        ]
0.696478275643,0.285213704105,[ 0.69647828  0.2852137   0.        ]
1.33414739364,-1.16815366729,[ 1.33414739 -1.16815367  0.        ]
-1.98744985069,1.38219496713,[-1.98744985  1.38219497  1.        ]
0.962854595773,0.433703466546,[ 0.9628546   0.43370347  1.        ]
0.0882068969671,0.174878388088,[ 0.0882069   0.17487839  0.        ]
-1.10739619793,1.72724445906,[-1.1073962   1.72724446  1.        ]
-1.00838797107,1.87160528748,[-1.00838797  1.87160529  1.        ]
0.966846678092,0.529621327825,[ 0.96684668  0.52962133  1.        ]
0.90398866777,-0.719333733493,[ 0.90398867 -0.71933373  0.        ]
-0.16055135742,-0.633950085233,[-0.16055136 -0.63395009  0.        ]
0.867925746939,-1.28155460852,[ 0.86792575 -1.28155461  0.        ]
0.323629195076,0.988673266182,[ 0.3236292   0.98867327  1.        ]
-1.85299499477,-1.3895065556,[-1.85299499 -1.38950656  0.        ]
-1.69288110288,-1.01911835232,[-1.6928811  -1.01911835  0.        ]
0.079502426337,1.6870998458,[ 0.07950243  1.68709985  1.        ]
-1.56582146331,1.93747689837,[-1.56582146  1.9374769   1.        ]
-0.160819945156,1.59517595907,[-0.16081995  1.59517596  1.        ]
-0.459847688637,-1.43252562483,[-0.45984769 -1.43252562  0.        ]
0.705758530169,-0.918660062412,[ 0.70575853 -0.91866006  0.        ]
-1.2681250504,-1.14572564003,[-1.26812505 -1.14572564  0.        ]
1.09488170788,1.14159764793,[ 1.09488171  1.14159765  1.        ]
0.140534367469,-0.666711027099,[ 0.14053437 -0.66671103  0.        ]
0.00604997998885,1.30610573945,[ 0.00604998  1.30610574  1.        ]
-1.22333879998,-0.812645548715,[-1.2233388  -0.81264555  0.        ]
-1.86532120678,-1.23691839161,[-1.86532121 -1.23691839  0.        ]
-0.68779587598,-1.03430719844,[-0.68779588 -1.0343072   0.        ]
-0.923550074052,1.32037709289,[-0.92355007  1.32037709  1.        ]
1.21051745066,-1.05783965486,[ 1.21051745 -1.05783965  0.        ]
-1.01600583578,-1.09814955567,[-1.01600584 -1.09814956  0.        ]
-0.787376943521,-1.01348697441,[-0.78737694 -1.01348697  0.        ]
-1.54290119426,1.21190163593,[-1.54290119  1.21190164  1.        ]
-0.238099506072,-0.862470163275,[-0.23809951 -0.86247016  0.        ]
-1.63637392911,-0.268495885261,[-1.63637393 -0.26849589  0.        ]
1.28556910355,1.0718174098,[ 1.2855691   1.07181741  1.        ]
-1.02687942041,-1.44386126826,[-1.02687942 -1.44386127  0.        ]
1.05353393184,0.595897026877,[ 1.05353393  0.59589703  1.        ]
-0.0632710107515,0.88540266593,[-0.06327101  0.88540267  1.        ]
-1.38097599968,1.74708385064,[-1.380976    1.74708385  1.        ]
-1.86481622994,-1.06428988865,[-1.86481623 -1.06428989  0.        ]
0.833232924073,-0.557696924997,[ 0.83323292 -0.55769692  0.        ]
1.33546254611,1.37902187604,[ 1.33546255  1.37902188  1.        ]
0.953609311189,-1.00801864454,[ 0.95360931 -1.00801864  0.        ]
-1.48449636786,-1.16215510133,[-1.48449637 -1.1621551   0.        ]
-1.96263855752,-2.66752619014,[-1.96263856 -2.66752619  0.        ]
-1.90331660914,-1.40479264333,[-1.90331661 -1.40479264  0.        ]
0.937303613677,0.55700466464,[ 0.93730361  0.55700466  1.        ]
-1.84570851601,1.6920930503,[-1.84570852  1.69209305  1.        ]
1.10860535214,0.0550244963274,[ 1.10860535  0.0550245   1.        ]
-1.66642137116,1.17996834986,[-1.66642137  1.17996835  1.        ]
0.611620814491,-0.388142439071,[ 0.61162081 -0.38814244  0.        ]
1.41878490408,-1.23608089029,[ 1.4187849  -1.23608089  0.        ]
1.37528584017,2.36926673061,[ 1.37528584  2.36926673  1.        ]
0.57882848903,-0.0853642705762,[ 0.57882849 -0.08536427  1.        ]
1.16410836786,1.13361972067,[ 1.16410837  1.13361972  1.        ]
-1.06224353627,-1.01341889274,[-1.06224354 -1.01341889  0.        ]
-0.27652437131,-1.07360044367,[-0.27652437 -1.07360044  0.        ]
0.839325590314,1.13020578536,[ 0.83932559  1.13020579  1.        ]
-1.5553462715,-0.510567360128,[-1.55534627 -0.51056736  0.        ]
1.12905805001,1.25362188114,[ 1.12905805  1.25362188  1.        ]
-1.81726695141,-1.35417245719,[-1.81726695 -1.35417246  0.        ]
0.784748662828,2.7031848342,[ 0.78474866  2.70318483  1.        ]
0.586591887821,-1.08199562208,[ 0.58659189 -1.08199562  0.        ]
1.00343698675,1.83078041249,[ 1.00343699  1.83078041  1.        ]
0.247762473219,-0.254669358443,[ 0.24776247 -0.25466936  0.        ]
-0.737258686752,0.287807547809,[-0.73725869  0.28780755  1.        ]
0.323335707295,0.772991946369,[ 0.32333571  0.77299195  1.        ]
-0.0611006471301,1.03349341693,[-0.06110065  1.03349342  1.        ]
0.934864714135,-0.977661681155,[ 0.93486471 -0.97766168  0.        ]
-1.90967473125,-2.23882195728,[-1.90967473 -2.23882196  0.        ]
-1.60115423104,-1.47896215595,[-1.60115423 -1.47896216  0.        ]
-0.323823446818,0.172642549139,[-0.32382345  0.17264255  1.        ]
0.966207538339,-0.851351432933,[ 0.96620754 -0.85135143  0.        ]
-0.405038419879,-0.872889520792,[-0.40503842 -0.87288952  0.        ]
0.913460048463,-1.38853915868,[ 0.91346005 -1.38853916  0.        ]
0.407548140354,0.0529079912855,[ 0.40754814  0.05290799  1.        ]
0.461645670519,-0.356487211766,[ 0.46164567 -0.35648721  0.        ]
1.0933155393,0.336684585561,[ 1.09331554  0.33668459  1.        ]
0.2259649104,-0.00303022652585,[ 0.22596491 -0.00303023  0.        ]
-0.671633053232,-1.279473519,[-0.67163305 -1.27947352  0.        ]
0.621219455231,-0.170936584188,[ 0.62121946 -0.17093658  1.        ]
0.638429047103,1.66562042174,[ 0.63842905  1.66562042  1.        ]
-1.07433933167,0.569742055611,[-1.07433933  0.56974206  1.        ]
0.493168915009,0.660205221698,[ 0.49316892  0.66020522  1.        ]
0.28953235473,-0.442439458999,[ 0.28953235 -0.44243946  1.        ]
-1.40784340464,0.283641857944,[-1.4078434   0.28364186  1.        ]
1.25368839733,0.883252567812,[ 1.2536884   0.88325257  1.        ]
-0.326922897921,-0.739684558509,[-0.3269229  -0.73968456  0.        ]
0.974618281777,-0.311623625832,[ 0.97461828 -0.31162363  0.        ]
-1.22069823369,-1.62296914831,[-1.22069823 -1.62296915  0.        ]
0.809587531847,1.15963367685,[ 0.80958753  1.15963368  1.        ]
-0.702379380946,0.582838885758,[-0.70237938  0.58283889  1.        ]
1.32108131133,-1.36322507791,[ 1.32108131 -1.36322508  0.        ]
0.946004542472,-1.37787474344,[ 0.94600454 -1.37787474  0.        ]
-1.18338190278,-1.3269558497,[-1.1833819  -1.32695585  0.        ]
0.536088260416,0.67568643995,[ 0.53608826  0.67568644  1.        ]
1.21006742983,-1.86221180096,[ 1.21006743 -1.8622118   0.        ]
-0.956305981788,-0.791957400187,[-0.95630598 -0.7919574   0.        ]
0.533937703251,-0.798023827432,[ 0.5339377  -0.79802383  0.        ]
0.930797098536,-0.700713228738,[ 0.9307971  -0.70071323  0.        ]
-0.410961340569,-0.826049277918,[-0.41096134 -0.82604928  0.        ]
1.45626134275,-0.491582709039,[ 1.45626134 -0.49158271  1.        ]
1.1380556742,-1.11997519831,[ 1.13805567 -1.1199752   0.        ]
1.17814593077,1.10164197603,[ 1.17814593  1.10164198  1.        ]
-1.4777738724,-1.26895428939,[-1.47777387 -1.26895429  0.        ]
-1.79678349521,1.11824678524,[-1.7967835   1.11824679  1.        ]
0.942238919312,-1.48481801272,[ 0.94223892 -1.48481801  0.        ]
-0.135626962383,-0.699311774741,[-0.13562696 -0.69931177  0.        ]
1.37151780919,1.56747838011,[ 1.37151781  1.56747838  1.        ]
-1.18456771907,-1.47841214536,[-1.18456772 -1.47841215  0.        ]
-1.16162464682,2.04548310477,[-1.16162465  2.0454831   1.        ]
0.112115300553,-0.229677767799,[ 0.1121153  -0.22967777  0.        ]
-1.07701043613,0.55388805684,[-1.07701044  0.55388806  1.        ]
-1.47021513777,0.443320081766,[-1.47021514  0.44332008  1.        ]
-0.421622304148,-1.18994802915,[-0.4216223  -1.18994803  0.        ]
0.539473585246,-0.590721002039,[ 0.53947359 -0.590721    0.        ]
0.262595149556,-0.912582257573,[ 0.26259515 -0.91258226  0.        ]
0.214831676309,0.793558897068,[ 0.21483168  0.7935589   1.        ]
-0.619904324025,0.161003178208,[-0.61990432  0.16100318  1.        ]
-1.68683596156,-1.121045784,[-1.68683596 -1.12104578  0.        ]
-0.775504652979,-1.03853656707,[-0.77550465 -1.03853657  0.        ]
1.23609366207,0.566077183276,[ 1.23609366  0.56607718  1.        ]
1.03489329228,0.472829568916,[ 1.03489329  0.47282957  1.        ]
1.3400760778,0.740879244378,[ 1.34007608  0.74087924  1.        ]
0.963784294158,1.51975136339,[ 0.96378429  1.51975136  1.        ]
0.83341534178,-1.15695966277,[ 0.83341534 -1.15695966  0.        ]
0.678143343979,0.754685950476,[ 0.67814334  0.75468595  1.        ]
0.489845903506,-0.387340477904,[ 0.4898459  -0.38734048  0.        ]
0.645221687847,-0.691512704476,[ 0.64522169 -0.6915127   0.        ]
1.47923313173,1.58010273467,[ 1.47923313  1.58010273  1.        ]
1.46293756256,-1.3666354817,[ 1.46293756 -1.36663548  0.        ]
-0.195195520967,-0.76575966769,[-0.19519552 -0.76575967  0.        ]
-0.945541871727,-1.34981973022,[-0.94554187 -1.34981973  0.        ]
1.16216054839,-1.21218378157,[ 1.16216055 -1.21218378  0.        ]
-0.449698897526,2.02198493211,[-0.4496989   2.02198493  1.        ]
-1.16172607356,1.80390590142,[-1.16172607  1.8039059   1.        ]
-1.12606990009,0.829611186097,[-1.1260699   0.82961119  1.        ]
-0.570376768989,-0.670485013888,[-0.57037677 -0.67048501  0.        ]
-1.50791857936,1.75632296887,[-1.50791858  1.75632297  1.        ]
-0.52971832423,0.183485175972,[-0.52971832  0.18348518  0.        ]
-0.0574535949349,-0.545282028968,[-0.05745359 -0.54528203  0.        ]
0.724482773339,0.449794735975,[ 0.72448277  0.44979474  1.        ]
1.11578972801,-1.51566695629,[ 1.11578973 -1.51566696  0.        ]
0.610421540814,0.529181816469,[ 0.61042154  0.52918182  1.        ]
0.90677489588,-0.33225456866,[ 0.9067749  -0.33225457  1.        ]
-0.605786360904,-0.614784608543,[-0.60578636 -0.61478461  0.        ]
-0.134395615788,-0.0750122349058,[-0.13439562 -0.07501223  0.        ]
0.0426840517037,-0.187786963242,[ 0.04268405 -0.18778696  0.        ]
0.489435410224,1.45546379301,[ 0.48943541  1.45546379  1.        ]
1.00952102011,-0.782058114685,[ 1.00952102 -0.78205811  0.        ]
0.676924494773,0.826576343368,[ 0.67692449  0.82657634  1.        ]
-0.157355357446,0.149250084454,[-0.15735536  0.14925008  1.        ]
1.26980254806,0.737776978037,[ 1.26980255  0.73777698  1.        ]
0.370735735626,-0.511254355862,[ 0.37073574 -0.51125436  0.        ]
0.667410208006,-0.564889863686,[ 0.66741021 -0.56488986  0.        ]
-0.980052369078,-1.20508670182,[-0.98005237 -1.2050867   0.        ]
-1.15815713806,-0.410053259716,[-1.15815714 -0.41005326  1.        ]
0.144288510585,1.92429744884,[ 0.14428851  1.92429745  1.        ]
0.630671829401,-0.362760599599,[ 0.63067183 -0.3627606   0.        ]
-0.234826429748,-0.500226053788,[-0.23482643 -0.50022605  0.        ]
-1.19490839546,-0.525671900515,[-1.1949084 -0.5256719  0.       ]
0.407178179533,-0.845778693157,[ 0.40717818 -0.84577869  0.        ]
-1.29448361789,0.60405011614,[-1.29448362  0.60405012  1.        ]
-1.15635570425,-0.802811627552,[-1.1563557  -0.80281163  0.        ]
0.573429133904,2.01268709513,[ 0.57342913  2.0126871   1.        ]
0.944614194499,1.07090494115,[ 0.94461419  1.07090494  1.        ]
0.58575070224,1.22191055755,[ 0.5857507   1.22191056  1.        ]
1.44784925681,-1.52539784358,[ 1.44784926 -1.52539784  0.        ]
1.02258457428,1.38294329241,[ 1.02258457  1.38294329  1.        ]
0.19101843294,-0.436681412099,[ 0.19101843 -0.43668141  0.        ]
0.868620116084,-0.751374077985,[ 0.86862012 -0.75137408  0.        ]
1.41477448263,-1.38793135283,[ 1.41477448 -1.38793135  0.        ]
1.43598316156,0.948438434992,[ 1.43598316  0.94843843  1.        ]
1.07986881742,1.95163522968,[ 1.07986882  1.95163523  1.        ]
0.91178636073,-0.789273317505,[ 0.91178636 -0.78927332  0.        ]
1.33510621867,1.66527157961,[ 1.33510622  1.66527158  1.        ]
-0.878168462851,0.187832408647,[-0.87816846  0.18783241  1.        ]
-1.46153236797,-1.46444171806,[-1.46153237 -1.46444172  0.        ]
-0.0480819771223,1.17087916472,[-0.04808198  1.17087916  1.        ]
0.488494177021,-0.429697260629,[ 0.48849418 -0.42969726  0.        ]
-0.157845927902,1.64354368857,[-0.15784593  1.64354369  1.        ]
-0.1656278591,1.48497836048,[-0.16562786  1.48497836  1.        ]
1.34401470142,-1.32540427334,[ 1.3440147  -1.32540427  0.        ]
-0.323720321428,0.124479597173,[-0.32372032  0.1244796   1.        ]
-0.895406503397,-1.35152602786,[-0.8954065  -1.35152603  0.        ]
-1.5904762512,-0.842549003508,[-1.59047625 -0.842549    0.        ]
0.56110230658,-0.639733462385,[ 0.56110231 -0.63973346  0.        ]
-0.0891064851058,0.960215772121,[-0.08910649  0.96021577  1.        ]
-1.53671386579,-1.09361940541,[-1.53671387 -1.09361941  0.        ]
-1.01753738622,-1.06280974385,[-1.01753739 -1.06280974  0.        ]
0.693019406899,-0.599531503704,[ 0.69301941 -0.5995315   0.        ]
0.0300049847959,-0.396901871849,[ 0.03000498 -0.39690187  0.        ]
-0.006036628164,0.56759259855,[-0.00603663  0.5675926   1.        ]
-0.871929217553,-0.728511724012,[-0.87192922 -0.72851172  0.        ]
1.34214486172,-0.956535570309,[ 1.34214486 -0.95653557  0.        ]
-1.18226163343,-1.47980615719,[-1.18226163 -1.47980616  0.        ]
1.07274795807,-1.17157050005,[ 1.07274796 -1.1715705   0.        ]
-0.223240478212,0.7246265736,[-0.22324048  0.72462657  1.        ]
-0.0914743835644,0.485668854624,[-0.09147438  0.48566885  1.        ]
1.23558030041,1.12046258126,[ 1.2355803   1.12046258  1.        ]
-1.25386403199,0.660621482735,[-1.25386403  0.66062148  1.        ]
0.52900801687,1.05641226614,[ 0.52900802  1.05641227  1.        ]
0.783149753081,-0.264827382289,[ 0.78314975 -0.26482738  0.        ]
0.927546802721,1.20468752511,[ 0.9275468   1.20468753  1.        ]
-0.591153848697,0.568765606188,[-0.59115385  0.56876561  1.        ]
1.41254233591,-1.26566294096,[ 1.41254234 -1.26566294  0.        ]
1.05617414638,-1.67660194262,[ 1.05617415 -1.67660194  0.        ]
0.534131863375,0.0845254140177,[ 0.53413186  0.08452541  0.        ]
1.17880182933,1.74042467632,[ 1.17880183  1.74042468  1.        ]
-1.1024614591,-0.773448810783,[-1.10246146 -0.77344881  0.        ]
0.98953853992,0.255394530834,[ 0.98953854  0.25539453  1.        ]
1.31958713295,2.03571855484,[ 1.31958713  2.03571855  1.        ]
-1.45154231967,-1.21183468922,[-1.45154232 -1.21183469  0.        ]
-1.02533811301,0.548407655309,[-1.02533811  0.54840766  0.        ]
-1.63269876385,0.833265228186,[-1.63269876  0.83326523  1.        ]
0.230688708695,0.179108916448,[ 0.23068871  0.17910892  1.        ]
1.2811858543,0.628996500506,[ 1.28118585  0.6289965   1.        ]
0.94999242884,-1.09452773703,[ 0.94999243 -1.09452774  0.        ]
-0.0496476319556,0.927206636139,[-0.04964763  0.92720664  1.        ]
0.514255854477,-1.45460501466,[ 0.51425585 -1.45460501  0.        ]
0.135658924547,1.5834306712,[ 0.13565892  1.58343067  1.        ]
0.324680715372,0.804378098815,[ 0.32468072  0.8043781   1.        ]
0.459996215223,-0.569012408822,[ 0.45999622 -0.56901241  0.        ]
-1.16742615341,0.72093113381,[-1.16742615  0.72093113  1.        ]
0.387500167726,-0.574178732115,[ 0.38750017 -0.57417873  0.        ]
0.645535709791,-0.365216259611,[ 0.64553571 -0.36521626  0.        ]
1.1803666122,-0.317510871323,[ 1.18036661 -0.31751087  1.        ]
-1.53104951192,-0.724532126605,[-1.53104951 -0.72453213  0.        ]
-1.08976633026,0.708378591727,[-1.08976633  0.70837859  1.        ]
0.973232391161,0.735231853776,[ 0.97323239  0.73523185  1.        ]
-1.74367068181,-1.55639612784,[-1.74367068 -1.55639613  0.        ]
0.691945001989,-0.891944202939,[ 0.691945  -0.8919442  0.       ]
-1.45116081044,-1.29526571778,[-1.45116081 -1.29526572  0.        ]
-0.82116456042,-1.25987843816,[-0.82116456 -1.25987844  0.        ]
1.4377299709,0.152822608962,[ 1.43772997  0.15282261  1.        ]
1.48447840249,-1.59177493375,[ 1.4844784  -1.59177493  0.        ]
0.164433806305,1.12877116621,[ 0.16443381  1.12877117  1.        ]
-1.08430800239,0.557520497686,[-1.084308   0.5575205  1.       ]
0.673017383194,1.15724014483,[ 0.67301738  1.15724014  1.        ]
0.266070206233,-0.507722425944,[ 0.26607021 -0.50772243  0.        ]
-0.403887917579,0.288919654833,[-0.40388792  0.28891965  1.        ]
0.138011560038,-0.0843754663177,[ 0.13801156 -0.08437547  0.        ]
1.1203036938,0.683738906796,[ 1.12030369  0.68373891  1.        ]
0.09584602342,1.4351038629,[ 0.09584602  1.43510386  1.        ]
0.843720637974,0.57044710226,[ 0.84372064  0.5704471   1.        ]
0.00428195376352,-0.602228794871,[ 0.00428195 -0.60222879  0.        ]
1.24339923363,0.901546815469,[ 1.24339923  0.90154682  1.        ]
-0.298609666426,-0.499704221627,[-0.29860967 -0.49970422  0.        ]
-0.857280042625,-0.0689517304377,[-0.85728004 -0.06895173  1.        ]
0.661623374843,0.615599408543,[ 0.66162337  0.61559941  1.        ]
0.686291915299,1.04223989267,[ 0.68629192  1.04223989  1.        ]
0.115426726367,0.0491949896157,[ 0.11542673  0.04919499  1.        ]
0.491033122284,-0.78349393554,[ 0.49103312 -0.78349394  0.        ]
0.902565799169,1.09025962066,[ 0.9025658   1.09025962  1.        ]
-1.54492078811,-1.06806280275,[-1.54492079 -1.0680628   0.        ]
0.444467070994,0.425396623,[ 0.44446707  0.42539662  1.        ]
1.03902897511,-0.787348010566,[ 1.03902898 -0.78734801  0.        ]
0.689212354446,-0.342161686743,[ 0.68921235 -0.34216169  0.        ]
0.915742759092,-1.31966391201,[ 0.91574276 -1.31966391  0.        ]
0.992083079262,0.769147437357,[ 0.99208308  0.76914744  1.        ]
-1.51379442901,1.11495757292,[-1.51379443  1.11495757  1.        ]
-1.04081184123,-0.88189801097,[-1.04081184 -0.88189801  0.        ]
-1.66407439965,-0.982482359047,[-1.6640744  -0.98248236  0.        ]
0.820660396315,1.23008208364,[ 0.8206604   1.23008208  1.        ]
-1.32872109357,-0.980291874345,[-1.32872109 -0.98029187  0.        ]
-1.30018690243,0.668814745268,[-1.3001869   0.66881475  1.        ]
-1.33827732135,-0.776185337172,[-1.33827732 -0.77618534  0.        ]
-1.80006441375,-1.13362302195,[-1.80006441 -1.13362302  0.        ]
0.898250516661,-0.505579919719,[ 0.89825052 -0.50557992  0.        ]
0.565943125657,-0.462450090303,[ 0.56594313 -0.46245009  0.        ]
0.0418978458758,0.689084579491,[ 0.04189785  0.68908458  1.        ]
0.211996132992,-0.213839446473,[ 0.21199613 -0.21383945  0.        ]
-0.807506948082,-0.325773045494,[-0.80750695 -0.32577305  1.        ]
0.817198767449,-1.26721398731,[ 0.81719877 -1.26721399  0.        ]
0.996754806806,1.7452708651,[ 0.99675481  1.74527087  1.        ]
1.40334569969,-0.902359910023,[ 1.4033457  -0.90235991  0.        ]
-1.23888219315,-0.465239340553,[-1.23888219 -0.46523934  1.        ]
-1.23070625219,-0.098180133112,[-1.23070625 -0.09818013  1.        ]
0.618483617984,0.890808761033,[ 0.61848362  0.89080876  1.        ]
-1.14119069571,-0.892121399555,[-1.1411907 -0.8921214  0.       ]
1.44689511356,-1.46088744903,[ 1.44689511 -1.46088745  0.        ]
0.186275508727,0.805304430977,[ 0.18627551  0.80530443  1.        ]
0.23081735832,-0.10310839711,[ 0.23081736 -0.1031084   1.        ]
1.43053953396,-1.68668776579,[ 1.43053953 -1.68668777  0.        ]
-1.40702906661,-1.12977592179,[-1.40702907 -1.12977592  0.        ]
-1.49973823007,-1.22397381456,[-1.49973823 -1.22397381  0.        ]
-1.49328352138,-0.838273514438,[-1.49328352 -0.83827351  0.        ]
0.924389195873,1.46990762339,[ 0.9243892   1.46990762  1.        ]
-1.32085899522,2.87891536369,[-1.320859    2.87891536  1.        ]
-1.44835790412,0.525714645956,[-1.4483579   0.52571465  1.        ]
0.269350642435,-0.417908822904,[ 0.26935064 -0.41790882  1.        ]
0.821652486279,0.821968877611,[ 0.82165249  0.82196888  1.        ]
1.35992505481,1.61871073925,[ 1.35992505  1.61871074  1.        ]
1.4129703937,-1.32663047137,[ 1.41297039 -1.32663047  0.        ]
0.8672056689,0.39140908738,[ 0.86720567  0.39140909  1.        ]
-1.73082245458,-0.608954720073,[-1.73082245 -0.60895472  0.        ]
-0.736736955776,0.95390661784,[-0.73673696  0.95390662  1.        ]
0.413746241279,0.54072505373,[ 0.41374624  0.54072505  1.        ]
0.198033425681,1.49711748345,[ 0.19803343  1.49711748  1.        ]
0.822182643402,-1.23231322227,[ 0.82218264 -1.23231322  0.        ]
-1.37403147412,0.33394837066,[-1.37403147  0.33394837  1.        ]
-0.88613653037,1.99803870385,[-0.88613653  1.9980387   1.        ]
-1.3695149673,2.02883390675,[-1.36951497  2.02883391  1.        ]
0.871712852601,-1.16404565142,[ 0.87171285 -1.16404565  0.        ]
-0.331725801263,-0.759992122699,[-0.3317258  -0.75999212  0.        ]
0.729001204088,0.545294575841,[ 0.7290012   0.54529458  1.        ]
0.299539404591,1.4907083814,[ 0.2995394   1.49070838  1.        ]
0.679415334105,-0.60235118144,[ 0.67941533 -0.60235118  0.        ]
1.02514840789,-0.947571642791,[ 1.02514841 -0.94757164  0.        ]
0.736064802006,1.17767670499,[ 0.7360648  1.1776767  1.       ]
0.541520817288,-0.723313530765,[ 0.54152082 -0.72331353  0.        ]
-1.79244143267,0.801330947292,[-1.79244143  0.80133095  1.        ]
-1.12661185864,-1.2049407874,[-1.12661186 -1.20494079  0.        ]
0.0378806211411,-0.942626740664,[ 0.03788062 -0.94262674  0.        ]
0.253967593053,-0.551761936966,[ 0.25396759 -0.55176194  1.        ]
-1.63545880944,-1.58588916656,[-1.63545881 -1.58588917  0.        ]
0.0677222582144,-0.686385213933,[ 0.06772226 -0.68638521  0.        ]
1.35469105546,-0.212599591971,[ 1.35469106 -0.21259959  0.        ]
0.36380981618,-0.238081277987,[ 0.36380982 -0.23808128  0.        ]
1.08634718551,-1.34684877224,[ 1.08634719 -1.34684877  0.        ]
0.930433191809,-0.790902897964,[ 0.93043319 -0.7909029   0.        ]
0.199722845914,-0.973823143001,[ 0.19972285 -0.97382314  0.        ]
0.532619624434,1.23590758439,[ 0.53261962  1.23590758  1.        ]
0.0410726060192,1.28659809575,[ 0.04107261  1.2865981   1.        ]
0.964915350146,0.513950237944,[ 0.96491535  0.51395024  1.        ]
-1.48309235642,0.719890050648,[-1.48309236  0.71989005  1.        ]
-1.61217488327,-1.20706949478,[-1.61217488 -1.20706949  0.        ]
-1.96113051068,1.1632732223,[-1.96113051  1.16327322  1.        ]
0.496324034394,-0.751405986476,[ 0.49632403 -0.75140599  0.        ]
-0.447626040311,-1.03147354741,[-0.44762604 -1.03147355  0.        ]
0.650420127568,1.42229598399,[ 0.65042013  1.42229598  1.        ]
-0.528605691119,-1.83690275022,[-0.52860569 -1.83690275  0.        ]
0.269861951507,0.781831862138,[ 0.26986195  0.78183186  1.        ]
-0.734988253434,1.62870931844,[-0.73498825  1.62870932  1.        ]
-1.27420320075,1.14125315173,[-1.2742032   1.14125315  1.        ]
0.910735886583,-0.44529520111,[ 0.91073589 -0.4452952   0.        ]
1.08467671137,-0.971953070475,[ 1.08467671 -0.97195307  0.        ]
1.45867282862,-2.03525929777,[ 1.45867283 -2.0352593   0.        ]
1.22219364198,0.82796426851,[ 1.22219364  0.82796427  1.        ]
0.252975623296,1.12716626817,[ 0.25297562  1.12716627  1.        ]
-0.288004689579,2.8806013513,[-0.28800469  2.88060135  1.        ]
-1.03492751025,-0.085038039425,[-1.03492751 -0.08503804  1.        ]
0.739342388471,-0.301549036923,[ 0.73934239 -0.30154904  1.        ]
-0.736500754688,2.34935237605,[-0.73650075  2.34935238  1.        ]
1.13237305983,1.62775721844,[ 1.13237306  1.62775722  1.        ]
-1.57866498449,1.86366346881,[-1.57866498  1.86366347  1.        ]
-0.0740088496746,-0.240538770481,[-0.07400885 -0.24053877  0.        ]
0.0424385927708,0.369787872823,[ 0.04243859  0.36978787  1.        ]
0.797253662626,-1.34561996139,[ 0.79725366 -1.34561996  0.        ]
1.23653397008,-1.09804749642,[ 1.23653397 -1.0980475   0.        ]
1.13188927773,0.263808510641,[ 1.13188928  0.26380851  1.        ]
0.988286017786,0.70023032543,[ 0.98828602  0.70023033  1.        ]
1.34191709312,0.727666182057,[ 1.34191709  0.72766618  1.        ]
0.663414717166,0.383836336308,[ 0.66341472  0.38383634  1.        ]
1.24996054369,-0.76462302743,[ 1.24996054 -0.76462303  0.        ]
-1.37537303923,-0.0155966177097,[-1.37537304 -0.01559662  0.        ]
-0.339932627111,-0.454875332828,[-0.33993263 -0.45487533  1.        ]
0.217283270979,-0.233908017482,[ 0.21728327 -0.23390802  0.        ]
-0.613559890587,-0.378344826461,[-0.61355989 -0.37834483  0.        ]
-1.50120494213,1.39853463912,[-1.50120494  1.39853464  1.        ]
-1.55486040295,0.228031311772,[-1.5548604   0.22803131  1.        ]
-0.336623305325,1.99253592152,[-0.33662331  1.99253592  1.        ]
0.335820958155,-0.0517719361286,[ 0.33582096 -0.05177194  0.        ]
1.02725018387,0.707195757288,[ 1.02725018  0.70719576  1.        ]
1.05170818339,-0.0988175628156,[ 1.05170818 -0.09881756  1.        ]
1.20189491491,-1.50914093588,[ 1.20189491 -1.50914094  0.        ]
1.29171946703,-1.21992030031,[ 1.29171947 -1.2199203   0.        ]
0.957513010175,1.33741057664,[ 0.95751301  1.33741058  1.        ]
0.494931867204,1.27066631709,[ 0.49493187  1.27066632  1.        ]
-0.660333897163,1.97717177635,[-0.6603339   1.97717178  1.        ]
-1.69230244216,-0.0454830996986,[-1.69230244 -0.0454831   1.        ]
-0.531166055928,-1.47078636504,[-0.53116606 -1.47078637  0.        ]
-1.03491110662,1.09871058727,[-1.03491111  1.09871059  1.        ]
-1.59963100825,0.619043542065,[-1.59963101  0.61904354  1.        ]
1.1273124534,-1.5845793012,[ 1.12731245 -1.5845793   0.        ]
0.391612635703,-0.751739367367,[ 0.39161264 -0.75173937  0.        ]
0.170889541945,-1.37277840743,[ 0.17088954 -1.37277841  0.        ]
0.985516914497,-1.22876534637,[ 0.98551691 -1.22876535  0.        ]
0.114890517305,-0.815535895154,[ 0.11489052 -0.8155359   0.        ]
-1.67478249452,2.01009015328,[-1.67478249  2.01009015  1.        ]
0.375400267495,-0.381810663663,[ 0.37540027 -0.38181066  1.        ]
1.37085394386,-0.292108846288,[ 1.37085394 -0.29210885  1.        ]
-0.366369805983,-0.829011130429,[-0.36636981 -0.82901113  0.        ]
-1.75144278738,1.31768658552,[-1.75144279  1.31768659  1.        ]
0.932385132899,-1.1237332631,[ 0.93238513 -1.12373326  0.        ]
-1.35358077859,0.550615040309,[-1.35358078  0.55061504  1.        ]
0.722988109092,1.62691940306,[ 0.72298811  1.6269194   1.        ]
-0.151217794547,0.0879445836286,[-0.15121779  0.08794458  1.        ]
-0.985506605167,-1.17022660153,[-0.98550661 -1.1702266   0.        ]
0.766789327873,1.20890075751,[ 0.76678933  1.20890076  1.        ]
0.653223470747,1.92387797468,[ 0.65322347  1.92387797  1.        ]
-0.680706129126,-0.528425399683,[-0.68070613 -0.5284254   0.        ]
-0.509040650484,-0.787994855729,[-0.50904065 -0.78799486  0.        ]
1.13997496616,0.240941334046,[ 1.13997497  0.24094133  1.        ]
0.017458377098,1.56566829328,[ 0.01745838  1.56566829  1.        ]
1.22703024078,1.49120412043,[ 1.22703024  1.49120412  1.        ]
0.434364119882,1.68815388892,[ 0.43436412  1.68815389  1.        ]
1.09650601598,-1.36515424126,[ 1.09650602 -1.36515424  0.        ]
-1.60017550685,-1.30758468713,[-1.60017551 -1.30758469  0.        ]
0.103234779809,1.25114049264,[ 0.10323478  1.25114049  1.        ]
-0.586411324848,1.33617862472,[-0.58641132  1.33617862  1.        ]
0.145622603048,1.92364927949,[ 0.1456226   1.92364928  1.        ]
0.885407286305,0.743331238021,[ 0.88540729  0.74333124  1.        ]
0.550283545302,-0.83532807596,[ 0.55028355 -0.83532808  0.        ]
0.466929262761,0.661161908775,[ 0.46692926  0.66116191  1.        ]
0.0956900946755,-0.569274904162,[ 0.09569009 -0.5692749   0.        ]
0.725740772615,-0.815799628583,[ 0.72574077 -0.81579963  0.        ]
-0.73742006524,-0.619720478578,[-0.73742007 -0.61972048  0.        ]
0.462222355462,0.893081265711,[ 0.46222236  0.89308127  1.        ]
0.142702917305,-0.584787092886,[ 0.14270292 -0.58478709  0.        ]
0.00124000204226,0.395807479405,[ 0.00124     0.39580748  1.        ]
1.04972730429,-0.828453425919,[ 1.0497273  -0.82845343  0.        ]
-1.9307438317,-0.501637549482,[-1.93074383 -0.50163755  1.        ]
-1.29859449262,-0.374326921678,[-1.29859449 -0.37432692  1.        ]
-0.155024471203,-1.1302522566,[-0.15502447 -1.13025226  0.        ]
-1.58749980508,-0.527688041959,[-1.58749981 -0.52768804  0.        ]
0.773090398039,-0.680598411573,[ 0.7730904  -0.68059841  0.        ]
1.3324794169,0.205234493529,[ 1.33247942  0.20523449  1.        ]
-0.216443314088,-1.11102521082,[-0.21644331 -1.11102521  0.        ]
0.303508749102,-0.311441710096,[ 0.30350875 -0.31144171  0.        ]
0.809807044674,-0.370549892419,[ 0.80980704 -0.37054989  0.        ]
0.553439356966,0.544783078703,[ 0.55343936  0.54478308  1.        ]
0.750861190854,-0.96489260593,[ 0.75086119 -0.96489261  0.        ]
-1.030345689,1.31705242665,[-1.03034569  1.31705243  1.        ]
0.545000414986,-1.24767974366,[ 0.54500041 -1.24767974  0.        ]
-1.70165982259,-0.7181057909,[-1.70165982 -0.71810579  0.        ]
-1.60400477828,-1.07686812483,[-1.60400478 -1.07686812  0.        ]
-0.626145458068,-0.784976439797,[-0.62614546 -0.78497644  0.        ]
0.862457487499,0.555870699758,[ 0.86245749  0.5558707   1.        ]
-0.297446107988,0.255291180234,[-0.29744611  0.25529118  0.        ]
0.867869227898,-0.835213205491,[ 0.86786923 -0.83521321  0.        ]
0.464328561068,-0.154065874803,[ 0.46432856 -0.15406587  0.        ]
-0.811091635955,0.211856703902,[-0.81109164  0.2118567   1.        ]
-0.939670874378,-0.675615208887,[-0.93967087 -0.67561521  0.        ]
-1.5410931079,-1.01959235789,[-1.54109311 -1.01959236  0.        ]
-0.170218862197,1.09346710387,[-0.17021886  1.0934671   1.        ]
0.554667141725,-0.643790783778,[ 0.55466714 -0.64379078  1.        ]
-1.65713206787,0.891156343655,[-1.65713207  0.89115634  1.        ]
-0.849835473413,0.783276999157,[-0.84983547  0.783277    1.        ]
0.459346246866,-0.214550334305,[ 0.45934625 -0.21455033  0.        ]
-0.0263816157867,-0.0718039472807,[-0.02638162 -0.07180395  0.        ]
-0.581971324735,1.03738915646,[-0.58197132  1.03738916  1.        ]
0.555592525369,1.44632950372,[ 0.55559253  1.4463295   1.        ]
1.01924317438,0.116037243498,[ 1.01924317  0.11603724  1.        ]
-0.84856743809,0.804776526268,[-0.84856744  0.80477653  1.        ]
-0.880281355322,0.945454316883,[-0.88028136  0.94545432  1.        ]
-1.61447757286,1.11999920579,[-1.61447757  1.11999921  1.        ]
0.214671262284,0.539055765286,[ 0.21467126  0.53905577  1.        ]
-0.214050132948,-0.186157765006,[-0.21405013 -0.18615777  0.        ]
0.954735992978,1.37608453042,[ 0.95473599  1.37608453  1.        ]
0.264941683143,0.0364096092415,[ 0.26494168  0.03640961  0.        ]
-1.91482615468,-1.07060240522,[-1.91482615 -1.07060241  0.        ]
0.458097114537,0.893303546051,[ 0.45809711  0.89330355  1.        ]
-0.442565967881,2.43719988214,[-0.44256597  2.43719988  1.        ]
-1.50131439218,-1.21327161556,[-1.50131439 -1.21327162  0.        ]
1.33292038532,-1.41108962328,[ 1.33292039 -1.41108962  0.        ]
-1.98628297955,0.598309664485,[-1.98628298  0.59830966  1.        ]
-0.859388212373,1.30647165377,[-0.85938821  1.30647165  1.        ]
1.05364697033,1.13049135484,[ 1.05364697  1.13049135  1.        ]
-0.939244398302,-0.822412950975,[-0.9392444  -0.82241295  0.        ]
0.140716796768,-0.310360003884,[ 0.1407168 -0.31036    0.       ]
0.53114372577,-0.639688928321,[ 0.53114373 -0.63968893  0.        ]
0.982161668089,1.78228244103,[ 0.98216167  1.78228244  1.        ]
1.19976476306,0.866752171573,[ 1.19976476  0.86675217  1.        ]
-1.83316649622,-1.03846565467,[-1.8331665  -1.03846565  0.        ]
-1.27017437018,-0.387257492493,[-1.27017437 -0.38725749  1.        ]
-1.26402702081,-0.885197633953,[-1.26402702 -0.88519763  0.        ]
0.787394619624,-1.17921856803,[ 0.78739462 -1.17921857  0.        ]
-0.187426587452,0.927635386771,[-0.18742659  0.92763539  1.        ]
-0.767546131327,1.3011413524,[-0.76754613  1.30114135  1.        ]
-1.59036913717,1.11641103505,[-1.59036914  1.11641104  1.        ]
0.24927850797,-0.26015354587,[ 0.24927851 -0.26015355  0.        ]
-0.0433496179946,0.224759037757,[-0.04334962  0.22475904  0.        ]
0.35139791873,-0.402208645233,[ 0.35139792 -0.40220865  0.        ]
-1.24059102156,-1.69535932186,[-1.24059102 -1.69535932  0.        ]
-0.714763813541,-1.13658550671,[-0.71476381 -1.13658551  0.        ]
1.29760604683,1.04572255813,[ 1.29760605  1.04572256  1.        ]
-0.505829368761,1.30492144529,[-0.50582937  1.30492145  1.        ]
0.0103512295275,-0.135929802916,[ 0.01035123 -0.1359298   0.        ]
1.01989832288,-1.27738393149,[ 1.01989832 -1.27738393  0.        ]
0.516127597454,-0.222650052559,[ 0.5161276  -0.22265005  0.        ]
-1.90713775741,-0.77737389488,[-1.90713776 -0.77737389  0.        ]
-0.234517627387,-0.699313517669,[-0.23451763 -0.69931352  0.        ]
1.17128250489,-0.828117317679,[ 1.1712825  -0.82811732  0.        ]
-1.80570384992,-1.69980456531,[-1.80570385 -1.69980457  0.        ]
-1.37277066005,-0.69075114425,[-1.37277066 -0.69075114  0.        ]
0.364211716913,-1.13342207975,[ 0.36421172 -1.13342208  0.        ]
0.0895405393636,-0.157272554455,[ 0.08954054 -0.15727255  0.        ]
1.4585442666,1.04578681709,[ 1.45854427  1.04578682  1.        ]
0.854623846014,-0.40989110433,[ 0.85462385 -0.4098911   0.        ]
-1.907689036,0.947367046205,[-1.90768904  0.94736705  1.        ]
-1.64990752794,-1.29760875932,[-1.64990753 -1.29760876  0.        ]
1.15013198772,0.875001253005,[ 1.15013199  0.87500125  1.        ]
-0.758554650199,0.324831950031,[-0.75855465  0.32483195  1.        ]
-1.05874593468,-0.842921224367,[-1.05874593 -0.84292122  0.        ]
-1.4028784076,1.24067456921,[-1.40287841  1.24067457  1.        ]
-1.66952526937,-0.743853158552,[-1.66952527 -0.74385316  0.        ]
-1.73176786678,-1.211232437,[-1.73176787 -1.21123244  0.        ]
0.691355445579,-0.968019754436,[ 0.69135545 -0.96801975  0.        ]
1.3023887663,0.136235799633,[ 1.30238877  0.1362358   1.        ]
0.264176836262,0.428283326181,[ 0.26417684  0.42828333  1.        ]
0.912177232665,0.988083416503,[ 0.91217723  0.98808342  1.        ]
-1.63193705534,0.650009501302,[-1.63193706  0.6500095   1.        ]
1.42139780874,1.26452797992,[ 1.42139781  1.26452798  1.        ]
1.3309774913,-0.0430072538026,[ 1.33097749 -0.04300725  1.        ]
-0.222743222084,2.12953669523,[-0.22274322  2.1295367   1.        ]
-1.61205437228,0.622936569875,[-1.61205437  0.62293657  1.        ]
-0.36343284554,0.735478292612,[-0.36343285  0.73547829  1.        ]
1.3978873119,-1.57078907105,[ 1.39788731 -1.57078907  0.        ]
0.576234632898,-0.014433135547,[ 0.57623463 -0.01443314  1.        ]
1.27215496496,0.926953581243,[ 1.27215496  0.92695358  1.        ]
1.38980068708,-1.33193677421,[ 1.38980069 -1.33193677  0.        ]
0.699261361963,-0.405301175804,[ 0.69926136 -0.40530118  0.        ]
0.469457733624,1.42071751217,[ 0.46945773  1.42071751  1.        ]
-0.332992013039,-0.955413267561,[-0.33299201 -0.95541327  0.        ]
0.345023771799,-0.629701057068,[ 0.34502377 -0.62970106  0.        ]
0.504837006654,2.32661120189,[ 0.50483701  2.3266112   1.        ]
-1.63578837367,0.782604191066,[-1.63578837  0.78260419  1.        ]
-1.11608363664,0.00527444634287,[-1.11608364  0.00527445  1.        ]
-0.483415763821,1.31979910293,[-0.48341576  1.3197991   1.        ]
1.25709738289,1.50838265753,[ 1.25709738  1.50838266  1.        ]
1.08183045478,1.40114491098,[ 1.08183045  1.40114491  1.        ]
0.028586730137,-0.257948082795,[ 0.02858673 -0.25794808  0.        ]
0.557583548016,0.652750866381,[ 0.55758355  0.65275087  1.        ]
1.12547533877,-1.13385638301,[ 1.12547534 -1.13385638  0.        ]
0.665690519557,-0.702497046898,[ 0.66569052 -0.70249705  0.        ]
1.0225261673,-1.19281441545,[ 1.02252617 -1.19281442  0.        ]
-1.06088767772,0.0225878728476,[-1.06088768  0.02258787  1.        ]
-1.47068581475,1.53398805788,[-1.47068581  1.53398806  1.        ]
-0.43984342304,-1.71399174525,[-0.43984342 -1.71399175  0.        ]
0.0139858718886,-1.49698779914,[ 0.01398587 -1.4969878   0.        ]
0.38658104821,-0.609573441848,[ 0.38658105 -0.60957344  0.        ]
-0.792858896956,-0.911294419518,[-0.7928589  -0.91129442  0.        ]
1.34756446141,0.811826847956,[ 1.34756446  0.81182685  1.        ]
1.40247476008,-1.36472304,[ 1.40247476 -1.36472304  0.        ]
-0.300463513116,1.14031787479,[-0.30046351  1.14031787  1.        ]
-1.19366209864,0.899538098869,[-1.1936621  0.8995381  1.       ]
0.255868099683,-0.642982854535,[ 0.2558681  -0.64298285  0.        ]
0.963565349056,-0.870156866436,[ 0.96356535 -0.87015687  0.        ]
1.15445734121,0.907390476435,[ 1.15445734  0.90739048  1.        ]
-1.01549181448,-0.590275720127,[-1.01549181 -0.59027572  0.        ]
0.843042873016,0.597808249623,[ 0.84304287  0.59780825  1.        ]
0.587458428867,-0.649081052936,[ 0.58745843 -0.64908105  0.        ]
0.518921615375,0.566267644187,[ 0.51892162  0.56626764  1.        ]
-0.340222223138,0.609098520881,[-0.34022222  0.60909852  1.        ]
1.08844569095,0.452443925975,[ 1.08844569  0.45244393  1.        ]
-1.53236171241,1.57369103236,[-1.53236171  1.57369103  1.        ]
-0.0481670755203,-0.124585379485,[-0.04816708 -0.12458538  0.        ]
-1.09649127973,-1.87677627681,[-1.09649128 -1.87677628  0.        ]
-1.756834591,-1.37798590723,[-1.75683459 -1.37798591  0.        ]
-1.24725808577,-1.09865769047,[-1.24725809 -1.09865769  0.        ]
-1.46587378422,0.897826567325,[-1.46587378  0.89782657  1.        ]
-0.975088864566,1.82269299914,[-0.97508886  1.822693    1.        ]
-0.268675342083,1.3888238197,[-0.26867534  1.38882382  1.        ]
-1.91390030288,1.23826604046,[-1.9139003   1.23826604  1.        ]
-0.97407310329,0.90187425243,[-0.9740731   0.90187425  1.        ]
-0.491824018223,0.952332159517,[-0.49182402  0.95233216  1.        ]
-1.47537910082,-1.37890858235,[-1.4753791  -1.37890858  0.        ]
0.0689888469598,1.25669808782,[ 0.06898885  1.25669809  1.        ]
1.40702593763,-1.01262219895,[ 1.40702594 -1.0126222   0.        ]
1.31632373584,-0.813218451852,[ 1.31632374 -0.81321845  0.        ]
-1.88245455944,-0.691623087429,[-1.88245456 -0.69162309  0.        ]
0.19531966569,1.761560237,[ 0.19531967  1.76156024  1.        ]
-1.91782068472,-1.54709473707,[-1.91782068 -1.54709474  0.        ]
1.12005890726,-0.961900479651,[ 1.12005891 -0.96190048  0.        ]
1.23079964959,-1.60092096287,[ 1.23079965 -1.60092096  0.        ]
0.712070586527,-0.314504532761,[ 0.71207059 -0.31450453  0.        ]
-0.0382784928309,1.31629135788,[-0.03827849  1.31629136  1.        ]
-1.34038039708,-1.30087062061,[-1.3403804  -1.30087062  0.        ]
-0.513456622583,0.191810174877,[-0.51345662  0.19181017  1.        ]
0.815441229323,-1.38099057333,[ 0.81544123 -1.38099057  0.        ]
-0.918471210881,0.982890616434,[-0.91847121  0.98289062  1.        ]
0.672969150784,1.18942013709,[ 0.67296915  1.18942014  1.        ]
1.01992022865,1.12547381725,[ 1.01992023  1.12547382  1.        ]
0.240380302388,-0.0419695889992,[ 0.2403803  -0.04196959  0.        ]
1.28699732677,-1.28844405266,[ 1.28699733 -1.28844405  0.        ]
-1.98427937604,1.51201193445,[-1.98427938  1.51201193  1.        ]
0.98893672153,-0.542164716742,[ 0.98893672 -0.54216472  0.        ]
1.0875525481,-1.48320133678,[ 1.08755255 -1.48320134  0.        ]
-1.2006569741,-1.03861636555,[-1.20065697 -1.03861637  0.        ]
0.301015140857,1.70606888812,[ 0.30101514  1.70606889  1.        ]
0.425440581289,1.29774366682,[ 0.42544058  1.29774367  1.        ]
0.204118295782,-1.11760210665,[ 0.2041183  -1.11760211  0.        ]
0.0446505644339,0.564896229214,[ 0.04465056  0.56489623  1.        ]
-1.53421554511,1.35586032129,[-1.53421555  1.35586032  1.        ]
1.1928191414,1.15604594745,[ 1.19281914  1.15604595  1.        ]
-1.15732980031,0.574906487662,[-1.1573298   0.57490649  1.        ]
-1.51915551118,1.59250192791,[-1.51915551  1.59250193  1.        ]
0.722233698219,-0.189366113748,[ 0.7222337  -0.18936611  0.        ]
-1.24476741745,1.05580279965,[-1.24476742  1.0558028   1.        ]
1.07864169139,2.19269245358,[ 1.07864169  2.19269245  1.        ]
1.2955689603,1.18902718888,[ 1.29556896  1.18902719  1.        ]
-0.688104717019,-1.92446715568,[-0.68810472 -1.92446716  0.        ]
-0.344162880154,0.825344834867,[-0.34416288  0.82534483  1.        ]
-1.16084501287,2.33475629896,[-1.16084501  2.3347563   1.        ]
1.1203255076,-0.955405090288,[ 1.12032551 -0.95540509  0.        ]
0.759958075441,0.951125507626,[ 0.75995808  0.95112551  1.        ]
-1.28868100392,0.317864522504,[-1.288681    0.31786452  1.        ]
0.509562981252,-0.54417645671,[ 0.50956298 -0.54417646  0.        ]
0.929575611358,1.41778038467,[ 0.92957561  1.41778038  1.        ]
0.837638416585,1.90620838573,[ 0.83763842  1.90620839  1.        ]
-0.999266945377,0.285651713223,[-0.99926695  0.28565171  1.        ]
-1.76622918285,-1.36364754446,[-1.76622918 -1.36364754  0.        ]
0.994432936522,0.433746244394,[ 0.99443294  0.43374624  1.        ]
-1.14910085516,-1.20657782473,[-1.14910086 -1.20657782  0.        ]
1.37854111344,1.49027028442,[ 1.37854111  1.49027028  1.        ]
-0.712840405187,0.424511125894,[-0.71284041  0.42451113  1.        ]
-0.576014340255,0.514935461703,[-0.57601434  0.51493546  1.        ]
-1.3310459409,1.83293725839,[-1.33104594  1.83293726  1.        ]
1.00517069992,0.287267123095,[ 1.0051707   0.28726712  1.        ]
1.18448899846,-1.26550251871,[ 1.184489   -1.26550252  0.        ]
-0.158407516519,1.97188686156,[-0.15840752  1.97188686  1.        ]
0.205388719258,-0.450786601439,[ 0.20538872 -0.4507866   0.        ]
-1.98985491605,-1.28296900741,[-1.98985492 -1.28296901  0.        ]
-0.46145903058,1.61850792803,[-0.46145903  1.61850793  1.        ]
0.0631795766851,0.888487386749,[ 0.06317958  0.88848739  1.        ]
-0.0156744474345,-0.0512344256107,[-0.01567445 -0.05123443  0.        ]
-0.57117993023,-0.82649272269,[-0.57117993 -0.82649272  0.        ]
0.830665249979,2.06197893001,[ 0.83066525  2.06197893  1.        ]
0.781612683053,-0.820548040738,[ 0.78161268 -0.82054804  0.        ]
-1.30342561429,-0.743641696346,[-1.30342561 -0.7436417   0.        ]
0.818202314771,0.411848885724,[ 0.81820231  0.41184889  1.        ]
0.562320455371,0.0517141024399,[ 0.56232046  0.0517141   1.        ]
0.751097485044,-1.1285420183,[ 0.75109749 -1.12854202  0.        ]
1.12255920718,-1.14436124276,[ 1.12255921 -1.14436124  0.        ]
0.451772092658,0.658179368767,[ 0.45177209  0.65817937  1.        ]
-1.34199051062,1.2148199032,[-1.34199051  1.2148199   1.        ]
0.789248171877,0.580315428593,[ 0.78924817  0.58031543  1.        ]
1.36854406255,1.88897921585,[ 1.36854406  1.88897922  1.        ]
1.15673659182,-0.680943957554,[ 1.15673659 -0.68094396  0.        ]
-1.30318514674,-1.3172576657,[-1.30318515 -1.31725767  0.        ]
-1.16657490694,-1.47754147957,[-1.16657491 -1.47754148  0.        ]
-0.826824219312,0.309675416423,[-0.82682422  0.30967542  1.        ]
0.659808869738,0.492362951502,[ 0.65980887  0.49236295  1.        ]
0.606009070201,0.584421472829,[ 0.60600907  0.58442147  1.        ]
1.2893583981,-1.62006475912,[ 1.2893584  -1.62006476  0.        ]
-1.57634103106,-0.252259572643,[-1.57634103 -0.25225957  0.        ]
0.414014759322,-0.477155803485,[ 0.41401476 -0.4771558   0.        ]
-1.74955064201,1.00447235235,[-1.74955064  1.00447235  1.        ]
1.08104785379,0.578131582918,[ 1.08104785  0.57813158  1.        ]
0.782450700492,-0.927438208431,[ 0.7824507  -0.92743821  0.        ]
0.365397974251,-0.412967885224,[ 0.36539797 -0.41296789  0.        ]
-0.165552350245,-1.096034569,[-0.16555235 -1.09603457  0.        ]
-1.78986582108,-0.728374728028,[-1.78986582 -0.72837473  0.        ]
-1.63203481228,0.515938536269,[-1.63203481  0.51593854  1.        ]
0.522226698423,-0.672232360708,[ 0.5222267  -0.67223236  0.        ]
0.6075659775,-0.278688326735,[ 0.60756598 -0.27868833  1.        ]
-1.47033299712,1.21545352268,[-1.470333    1.21545352  1.        ]
0.00735182799183,-0.0840342903494,[ 0.00735183 -0.08403429  0.        ]
0.710256414965,-0.318487031208,[ 0.71025641 -0.31848703  0.        ]
0.405150219462,1.68822558494,[ 0.40515022  1.68822558  1.        ]
1.17199018016,-0.857914471414,[ 1.17199018 -0.85791447  0.        ]
-1.66423748239,0.421169908114,[-1.66423748  0.42116991  1.        ]
0.940381806028,-1.30196904315,[ 0.94038181 -1.30196904  0.        ]
0.880871028624,0.498847182904,[ 0.88087103  0.49884718  1.        ]
0.937746664938,-0.620154090201,[ 0.93774666 -0.62015409  0.        ]
0.990688233217,0.492140154565,[ 0.99068823  0.49214015  1.        ]
0.0828883295599,-0.29074891205,[ 0.08288833 -0.29074891  0.        ]
0.147468796249,0.0010395789896,[ 0.1474688   0.00103958  1.        ]
0.795143280106,-0.607420184264,[ 0.79514328 -0.60742018  0.        ]
0.828864320434,-0.0195016389387,[ 0.82886432 -0.01950164  1.        ]
-1.26460561185,-0.747103823028,[-1.26460561 -0.74710382  0.        ]
0.266822455785,0.221552888628,[ 0.26682246  0.22155289  0.        ]
-0.774918784158,1.52080519679,[-0.77491878  1.5208052   1.        ]
-0.0060263784166,1.35396065523,[-0.00602638  1.35396066  1.        ]
0.551265599072,-0.692225392827,[ 0.5512656  -0.69222539  0.        ]
-1.44747581877,-0.760416337473,[-1.44747582 -0.76041634  0.        ]
1.01334334765,-1.19466202412,[ 1.01334335 -1.19466202  1.        ]
-1.08987559151,-0.10413496876,[-1.08987559 -0.10413497  1.        ]
-0.817740470938,-0.322717954301,[-0.81774047 -0.32271795  0.        ]
-1.17767633218,-1.55069222055,[-1.17767633 -1.55069222  0.        ]
0.782372945147,-0.636847346599,[ 0.78237295 -0.63684735  0.        ]
0.727042995563,-0.280457916086,[ 0.727043   -0.28045792  0.        ]
-0.733064261534,0.990612997457,[-0.73306426  0.990613    1.        ]
0.796324685113,1.17648369921,[ 0.79632469  1.1764837   1.        ]
0.769622639841,0.548890229574,[ 0.76962264  0.54889023  1.        ]
0.0822296811972,0.194840526624,[ 0.08222968  0.19484053  0.        ]
0.75231999199,1.17558214096,[ 0.75231999  1.17558214  1.        ]
0.804030237289,-0.453593369989,[ 0.80403024 -0.45359337  0.        ]
-1.94929862803,2.15506422575,[-1.94929863  2.15506423  1.        ]
-0.913331914602,-1.3926568773,[-0.91333191 -1.39265688  0.        ]
0.305043658133,-0.588545168148,[ 0.30504366 -0.58854517  0.        ]
-1.76501834598,2.39527420661,[-1.76501835  2.39527421  1.        ]
0.954217402416,-0.663202704179,[ 0.9542174 -0.6632027  0.       ]
0.105438159709,-0.363074432334,[ 0.10543816 -0.36307443  0.        ]
0.591211496542,-0.81793526066,[ 0.5912115  -0.81793526  0.        ]
-1.59034730224,-1.26810803715,[-1.5903473  -1.26810804  0.        ]
0.02167664395,-0.43744273344,[ 0.02167664 -0.43744273  0.        ]
-1.44608253519,-1.21713435905,[-1.44608254 -1.21713436  0.        ]
-1.34879846665,-1.54356157232,[-1.34879847 -1.54356157  0.        ]
1.03078896372,-0.816421640192,[ 1.03078896 -0.81642164  0.        ]
-0.58212460253,-0.293535577415,[-0.5821246  -0.29353558  1.        ]
0.110383555318,0.0648902970209,[ 0.11038356  0.0648903   1.        ]
0.0649653726193,1.39075220749,[ 0.06496537  1.39075221  1.        ]
0.46632173409,-0.645207697783,[ 0.46632173 -0.6452077   0.        ]
0.813809031527,0.797957791609,[ 0.81380903  0.79795779  1.        ]
-1.67068138513,-0.999039852506,[-1.67068139 -0.99903985  0.        ]
0.416599022042,-0.386336214094,[ 0.41659902 -0.38633621  0.        ]
-1.58595319545,1.20052592394,[-1.5859532   1.20052592  1.        ]
-0.118264065707,0.278390253799,[-0.11826407  0.27839025  0.        ]
-0.930916272105,0.937632782936,[-0.93091627  0.93763278  1.        ]
0.19351665848,0.746988852664,[ 0.19351666  0.74698885  1.        ]
1.22904482442,-1.28043173306,[ 1.22904482 -1.28043173  0.        ]
1.2185947159,-1.0123035893,[ 1.21859472 -1.01230359  0.        ]
0.967815808329,-0.23345514036,[ 0.96781581 -0.23345514  0.        ]
-1.44125561474,-1.69127339203,[-1.44125561 -1.69127339  0.        ]
1.38451017844,0.184699425437,[ 1.38451018  0.18469943  1.        ]
-1.3717789915,0.955316219036,[-1.37177899  0.95531622  1.        ]
1.2290494477,-0.137837784754,[ 1.22904945 -0.13783778  1.        ]
-1.20500106873,-0.890642432963,[-1.20500107 -0.89064243  0.        ]
-0.104929910133,-0.000833749605279,[-0.10492991 -0.00083375  0.        ]
0.34653156085,1.14014340087,[ 0.34653156  1.1401434   1.        ]
0.944215877457,2.42353825276,[ 0.94421588  2.42353825  1.        ]
1.00519416309,-0.269416269295,[ 1.00519416 -0.26941627  0.        ]
0.356399970465,1.99516003749,[ 0.35639997  1.99516004  1.        ]
-0.317408890451,-0.894703990904,[-0.31740889 -0.89470399  0.        ]
0.418564998098,-0.848630379915,[ 0.418565   -0.84863038  0.        ]
1.41847258965,-1.03949484611,[ 1.41847259 -1.03949485  0.        ]
-0.418926521792,-1.45862923535,[-0.41892652 -1.45862924  0.        ]
1.41445968776,1.82746463822,[ 1.41445969  1.82746464  1.        ]
1.3866529044,-1.00951790851,[ 1.3866529  -1.00951791  0.        ]
0.8257226376,0.197808506641,[ 0.82572264  0.19780851  1.        ]
-0.908732294634,1.09294079049,[-0.90873229  1.09294079  1.        ]
-1.16944990009,0.0739695334333,[-1.1694499   0.07396953  1.        ]
1.0988226101,-1.40419873027,[ 1.09882261 -1.40419873  0.        ]
0.953436816201,-0.71443095565,[ 0.95343682 -0.71443096  0.        ]
-0.342744533832,0.528089279439,[-0.34274453  0.52808928  1.        ]
0.978316587513,-1.37411571098,[ 0.97831659 -1.37411571  0.        ]
1.17632423403,0.806849023029,[ 1.17632423  0.80684902  1.        ]
0.071618526786,0.356698138547,[ 0.07161853  0.35669814  1.        ]
-0.778813940527,-0.37969857682,[-0.77881394 -0.37969858  0.        ]
0.408973070379,1.26996599042,[ 0.40897307  1.26996599  1.        ]
-1.22398321725,0.661485163021,[-1.22398322  0.66148516  1.        ]
0.363417366477,0.360892618157,[ 0.36341737  0.36089262  1.        ]
-0.382303841423,-0.92907238725,[-0.38230384 -0.92907239  0.        ]
1.09603482948,0.564959777247,[ 1.09603483  0.56495978  1.        ]
-1.4058014912,0.781705050586,[-1.40580149  0.78170505  1.        ]
-0.928659224353,-1.18555266831,[-0.92865922 -1.18555267  0.        ]
1.10640290095,0.968997133605,[ 1.1064029   0.96899713  1.        ]
1.20119238212,-0.415136961848,[ 1.20119238 -0.41513696  1.        ]
1.45274632632,0.898576881499,[ 1.45274633  0.89857688  1.        ]
-1.57735480971,-1.54098397384,[-1.57735481 -1.54098397  0.        ]
-1.01190492634,-1.35668312991,[-1.01190493 -1.35668313  0.        ]
-1.84199634646,-0.169059859765,[-1.84199635 -0.16905986  0.        ]
-0.55353940326,1.05393033523,[-0.5535394   1.05393034  1.        ]
-1.29807282194,2.76490185015,[-1.29807282  2.76490185  1.        ]
-0.833058062897,-0.913494748733,[-0.83305806 -0.91349475  1.        ]
-0.485718214931,-0.669491733509,[-0.48571821 -0.66949173  0.        ]
0.0897615859339,-0.137381060337,[ 0.08976159 -0.13738106  1.        ]
-0.348490538381,-0.676552340309,[-0.34849054 -0.67655234  0.        ]
0.927332114485,2.73577669341,[ 0.92733211  2.73577669  1.        ]
-1.30138099108,-0.506036698208,[-1.30138099 -0.5060367   0.        ]
-1.31808377688,-0.85150066598,[-1.31808378 -0.85150067  0.        ]
-1.3528963265,-0.769941913626,[-1.35289633 -0.76994191  0.        ]
0.997454551782,-0.438527568428,[ 0.99745455 -0.43852757  0.        ]
0.950399451531,-0.974519038157,[ 0.95039945 -0.97451904  0.        ]
-0.765466599741,0.98407028208,[-0.7654666   0.98407028  1.        ]
1.12621614306,0.00222785220275,[ 1.12621614  0.00222785  1.        ]
0.0882541673443,-0.467287387345,[ 0.08825417 -0.46728739  0.        ]
0.452424222949,-1.33278538942,[ 0.45242422 -1.33278539  0.        ]
0.720880981561,0.297277366895,[ 0.72088098  0.29727737  0.        ]
1.38429119122,-1.24601294816,[ 1.38429119 -1.24601295  0.        ]
-1.38564107885,0.880706534145,[-1.38564108  0.88070653  1.        ]
-1.42299048504,-0.863564645497,[-1.42299049 -0.86356465  0.        ]
-1.40800070485,0.804453132881,[-1.4080007   0.80445313  1.        ]
1.17182896048,1.40598075238,[ 1.17182896  1.40598075  1.        ]
-0.098722664576,0.00499700545147,[-0.09872266  0.00499701  0.        ]
1.24529628105,0.936049383825,[ 1.24529628  0.93604938  1.        ]
-0.662965926169,-0.545605919057,[-0.66296593 -0.54560592  0.        ]
0.12574377476,-0.418220333579,[ 0.12574377 -0.41822033  0.        ]
-0.540511308346,-0.442615283522,[-0.54051131 -0.44261528  0.        ]
0.627847266573,-0.790083021944,[ 0.62784727 -0.79008302  0.        ]
0.167346340402,0.421565715284,[ 0.16734634  0.42156572  1.        ]
-0.74185299756,-1.6460329073,[-0.741853   -1.64603291  0.        ]
0.178636821887,-0.495317046922,[ 0.17863682 -0.49531705  0.        ]
0.212174636115,-0.0547752119119,[ 0.21217464 -0.05477521  0.        ]
-1.24271088687,1.67973961905,[-1.24271089  1.67973962  1.        ]
1.11569987805,-0.885350595174,[ 1.11569988 -0.8853506   0.        ]
0.157960960895,-1.81641778317,[ 0.15796096 -1.81641778  0.        ]
-0.810100137064,-1.32036328022,[-0.81010014 -1.32036328  0.        ]
0.983877253562,2.01442178255,[ 0.98387725  2.01442178  1.        ]
-0.478492401485,1.27098627604,[-0.4784924   1.27098628  1.        ]
0.999905013259,1.68762479913,[ 0.99990501  1.6876248   1.        ]
